"Shipping city","Total sales"
"Fleming Island",3706.33
"Austin",3551.2
"New York",3230.33
"Sarasota",3217.22
"Miami",2820.7
"Los Angeles",2744.14
"Tucson",2738.63
"Santa Barbara",2310.2
"Brooklyn",2248.69
"Houston",2194.86
"Pittsburgh",1710.77
"Longmont",1686.04
"San Diego",1538.4
"Orange Park",1521.55
"Fort Worth",1507.57
"Washington",1465.85
"Atlanta",1455.16
"Charlotte",1385.1
"Singapore",1340.05
"Riyadh",1332.53
"Richmond",1324.75
"Seattle",1294.85
"Scottsdale",1240.75
"Dallas",1236.33
"Chicago",1235.7
,1229.4
"Greensboro",1169.06
"Boca Raton",1117.02
"Reno",1085.93
"Diemen",1065.94
"Portland",1059.35
"Nashville",1059.09
"Eldersburg",1019.24
"Fairfield",954.82
"Milano",952.97
"Las Vegas",940.8
"Denver",939.24
"Columbia",937.18
"Castle Rock",927.3
"Bloomfield Hills",916.57
"Welwyn Garden City",912.29
"Roseville",911.74
"Bakersfield",882
"Henderson",877.12
"Tampa",872.48
"San Antonio",872.03
"Phoenix",868.1
"Fulton",868
"Lakeland",844.35
"Naples",841.8
"Canton",826.43
"Middleburg",815.98
"Pasadena",811.9
"Bonsall",794.09
"Maple Grove",792.64
"Miami Beach",791.45
"Grosse Pointe Farms",791.15
"Mexico",774.4
"Philadelphia",766.9
"Minneapolis",766.4
"Green Cove Springs",762
"Columbus",759.77
"Clearwater",755.27
"Costa Mesa",753.65
"St. Louis",750.21
"Louisville",739.5
"Glen Allen",733.25
"Prior Lake",728.38
"Aspen",719.06
"Fayetteville",718.95
"Saint Louis",715.31
"Brentwood",689
"Clarksville",668.35
"London",667.27
"Hollywood",667.1
"Orlando",666.2
"Mill Valley",664.25
"Manhattan Beach",657.3
"Laredo",656.6
"Irvine",644.2
"McLean",642.6
"Marietta",630.5
"Mesa",620.65
"Arlington",619.97
"Honolulu",612.98
"Dubai",612.91
"Fullerton",610.75
"midland",605.95
"Bloomfield hills",604.41
"Oakland",604.25
"São Paulo",602.01
"Paris",597.31
"Vancouver",587.14
"Englewood",585.95
"Lakeway",581.4
"Virginia Beach",580
"Jacksonville",571.05
"San Francisco",567.65
"Abu Dhabi",556.19
"Georgetown",552.75
"Cincinnati",550.55
"Kyle",548.1
"Springfield",540.7
"Beverly Hills",538.15
"Concord",530.79
"Huntington",529.39
"Lakewood",522.25
"Jupiter",520.5
"Framingham",517.65
"Creve Coeur",515.95
"Escondido",514.55
"Sacramento",511.75
"Eugene",498.85
"Fort Lauderdale",498.8
"Norwood",498.6
"Vernon Hills",498.6
"Highland",498.6
"Chesterfield",497.75
"Warren",493.92
"Leawood",492.35
"Cypress",488.9
"Long Beach",488.35
"Chandler",487.9
"Bend",487.5
"Billings",486.4
"Pembroke Pines",482.37
"Parker",481.22
"Durham",478.7
"Nad Al Sheba Villas",478.07
"Toronto",477.36
"Ashburn",474.35
"La Habra",464.96
"Saint Paul",461.39
"Glendale",459.55
"Aurora",457.2
"Clackamas",456.95
"HOUSTON",455.05
"Kuala Lumpur",454.21
"Macomb",451.95
"SARASOTA",449.9
"MIDDLEBURG",446.8
"Wildwood",446.8
"Medley",446.55
"Ocala",445.44
"Santa Fe",439.15
"Little Rock",438.55
"Buena Park",436.85
"denver",435.75
"Greenville",435.4
"Niceville",432.44
"Montclair",430.1
"Cleveland",419.84
"Barcelona",417.61
"Kelowna",417.5
"tuxtla gutierrez",417.48
"La Quinta",414.4
"Coral Gables",413.33
"Neptune",413.25
"Kansas City",411
"Springfield Gardens",409.55
"Mooresville",408.99
"Friendswood",406.85
"Norwalk",402.4
"Saint Augustine",397.8
"Burtonsville",397.3
"Enid",397.3
"EL DORADO HILLS",391.08
"Sherman Oaks",390.4
"Saint Charles",387.6
"Roswell",385.2
"Royal Oak",383.9
"Sint-Niklaas",383.66
"Boston",383.6
"St. Petersburg",383.18
"BEAVERTON",382.5
"Lawrence",380.2
"Richmond Hill",379.72
"Newark",379.05
"Princeton",377.65
"Evans",377.65
"Waterloo",376.14
"Whittier",375.3
"Grosse Pointe",373.16
"Spring",370.8
"Lexington",370.25
"Pleasantville",370
"Oak Park",368.29
"Manchester",359.79
"Vrilissia,  ATTIKI",359.23
"Walnut Creek",358.9
"Suffolk",358
"Tulsa",356.6
"Baton Rouge",356.45
"Weston",356.16
"THOMPSONS STN",355.45
"Madison",355.45
"Blackburn",352.93
"Barrington",352.76
"Martinez",352.3
"PEARLAND",351.9
"Libertyville",351.32
"Quincy",351.09
"Fresno",350.85
"Davie",349.2
"Frankfort",348.05
"Plainfield",347.55
"Shawnee",342.35
"North York",341.17
"Hillsborough",339.32
"West Des Moines",338.95
"Pompano Beach",338.1
"Albuquerque",335.8
"Wilmington",335.8
"Lincoln",335.8
"FLEMING ISLAND",333
"La Jolla",332.85
"Woodstock",332.47
"San Juan",329.44
"Naperville",328.95
"Marina del Rey",328.91
"Wasilla",328.64
"Alpharetta",328.4
"Collierville",327.41
"Thornton",325.85
"Southlake",325.85
"Alameda",325.4
"Mission",324.55
"Manlius",324.45
"Montgomery",324.45
"Greentown",323.82
"Madrid",322.74
"Oxford",322.45
"Prosper",321
"Detroit",318.83
"Texarkana",318.67
"Lake Forest",318.05
"Ladera Ranch",317.05
"Cary",316.95
"Burr Ridge",316.75
"Salt Lake City",316.69
"Broken Arrow",315.9
"Youngsville",315.5
"Hamburg",315.04
"Marina Del Rey",314.5
"Carrollton",313.6
"Plymouth",313.6
"Santa Ana",313.6
"Charlottesville",312.61
"Greenwood Village",312.6
"Buda",311.29
"Palm Coast",311.05
"Lafayette",308.65
"Midland",308.65
"Frisco",306.45
"Oklahoma City",306.45
"Nevada City",303.65
"Corpus Christi",303.65
"Kellyville",303.65
"Stoughton",303.65
"Granada Hills",302.65
"Valparaiso",301.25
"Modesto",299.25
"Colorado Springs",298.89
"Albany",296.25
"Lake Stevens",296.25
"New Smyrna Beach",296.25
"Bettendorf",296.25
"Mission Viejo",296.25
"Tustin",296.25
"dallas",296
"Northlake",294.25
"Alpine",292.69
"Delray Beach",292.25
"Riverside",286.3
"Aiken",285.3
"Osprey",283.75
"Chattanooga",283.75
"Osseo",281.45
"newberry",278.9
"Huntsville",278.9
"Belas",278.24
"Providence",277.55
"Iloilo City",276.52
"Fredericksburg",275.3
"Belleair",272.05
"Sharon Hill",271.5
"Hernando",271.5
"New Smyrna beach",271.5
"Flower Mound",270.7
"Raleigh",265.8
"Manhasset",265.25
"San Juan Capistrano",265.25
"Silver Spring",262.7
"West Hollywood",261.99
"San Dimas",261.55
"wildwood",261.55
"Hauppauge",261.55
"fano",259.88
"Cambridge",256.5
"Pasig",253.13
"Chino Hills",251.85
"LEONARDTOWN",251.85
"Lynnfield",251.85
"Eden Prairie",251.85
"Stamford",251.85
"Sausalito",251.85
"New Orleans",251.85
"Memphis",251.69
"Lake winnabago",251.6
"Newtown",250.85
"Jenkintown",249.85
"Bal Harbour",249.85
"Siheung-si,",248.92
"The Woodlands",247.85
"Edmond",246.75
"Doral",245.45
"Athens ,Hlioupolis",245.02
"Milford",244.45
"Simpsonville",244.45
"Brandywine",244.45
"El Dorado Hills",244.45
"McKinney",244.45
"Monroe",244.45
"Chesapeake",244.45
"Lake Elsinore",244.45
"Fort Mill",244.29
"La Habra Heights",243.37
"Rochester",243.22
"VIERA",241.9
"Redmond",241.9
"Mogadore",241.9
"Bozeman",241.9
"Newton",240.45
"Bradenton",240.45
"KYLE",239.85
"Nashua",237.7
"Grosse Pointe Park",237.52
"La Mesa",237.05
"Queens",237.05
"Missouri City",237.05
"Indianapolis",237.05
"La Mirada",237.05
"Boulder",237.05
"Norman",237.05
"San Anselmo",236.8
"Las Cruces",236.05
"Wesley Chapel",235.95
"Tigard",235.44
"Parowan",234.95
"Chula Vista",234.5
"Frederick",234.5
"Spokane",234.5
"Tempe",234.5
"clovis",231.95
"Alexandria",231.79
"Carnegie",231.25
"Fairfax",229.24
"Dripping Springs",227.1
"Vail",226.74
"Grosse Ile Township",226.18
"Malibu",225.7
"Fountain Hills",225.65
"BEVERLY HILLS",223.7
"Nantucket",223.21
"Westerville",223.1
"MESA",222.55
"Arvada",219.88
"Bowie",219.7
"Savage",219.7
"Richardson",219.7
"Holliston",219.7
"Oceanside",219.7
"Knoxville",219.7
"Essex",219.7
"GREENVILLE",219.7
"Sewickley",219.7
"Corona",219.7
"Paducah",219.7
"Yakima",219.7
"Lowell",219.7
"Clayton",219.7
"Lanham",219.7
"Bethesda",219.7
"Tallahassee",219.7
"Kentfield",219.7
"Brooklyn Center",219.7
"Brisbane",219.05
"Palmer",217.81
"Trabuco Canyon",217.7
"Seoul",217.38
"Kuwait",215.91
"Lone Tree",214.85
"Gumi-si",214.73
"Rolling Meadows",214.6
"Wynnum West",213.89
"Guadalajara",213.63
"guadalajara",213.54
"Umm Qarn - Al Daayen",212.61
"Syracuse",212.3
"Norco",212.3
"Lewisville",212.3
"Hillsboro",212.3
"Nesquehoning",212.3
"Jamaica",212.3
"Centennial",212.3
"LaGrange",212.3
"Rio de Janeiro",209.99
"Studio City",209.75
"Oakton",209.75
"Ottawa",208.88
"Cape Coral",208.6
"Petaluma",207.45
"Hovas",206.64
"Mott",206.4
"Douglas",205.7
"Forest Grove",204.9
"Santa Clarita",203.2
"Atlantic Highlands",203
"Chappaqua",203
"Zürich",202.55
"Staten Island",202.35
"Chester",202.35
"TEKONSHA",200.01
"Palatka",199.8
"Hurricane Mills",199.8
"Malden",199.74
"La Chaux-de-Fonds",199.62
"Widnes",198.07
"Athens",197.9
"Kingston",196.83
"Novato",194.95
"BUDA",194.95
"Aliso Viejo",194.95
"FORT DE FRANCE",193.74
"GUADALAJARA",193.5
"Union",192.65
"Sheridan",192.1
"Cupertino",188.7
"PICO RIVERA",188.7
"Springville",188.7
"philadelphia",188.7
"PORT WASHINGTON",188.7
"staten island",188.7
"SUN CITY WEST",188.7
"Douglasville",188.7
"Richton Park",188.7
"Hilton Head",188.7
"Garrison",188.7
"rochester",188.25
"Suwanee",185.8
"Tsim Sha Tsui",184.27
"Fairbanks",181.9
"Cottesloe",180.96
"Melbourne",180.95
"Burlington",180.39
"Los Gatos",179.76
"Ann Arbor",178.89
"Höchberg",178.25
"Pflugerville",178.08
"Gainesville",176.85
"West Bloomfield",176.78
"Thousand Oaks",176.46
"Boise",176.45
"Bangalore",175.67
"Glenburn ",175.17
"Winter Garden",173.8
"ann arbor",173.14
"Baltimore",172.9
"Redlands",172.83
"largo",172.55
"Grand Prairie",172.55
"Pownal",172.55
"St. Charles",172.55
"Weimar",172.55
"Cooper City",171.9
"Belmont",171.9
"PURCELL",171.29
"Greenbrae",170.51
"Ajax",170.35
"Guelph",170.05
"Berthoud",169.9
"Hong Kong Southern",169.44
"Davisburg",168.94
"LAS VEGAS",168.45
"Washougal",168.45
"Woodinville",167.9
"Dana Point",167.9
"Newbury",167.9
"Helena",167.9
"Burnsville",167.9
"Coweta",167.9
"Ridgeland",167.9
"Ponte Vedra",167.9
"Keller",167.9
"Happy Valley",167.9
"Rego Park",167.9
"San Marcos",167.9
"Vero Beach",167.9
"Agoura Hills",167.9
"Maitland",167.9
"Hampton Bays",167.9
"Olive Branch",167.9
"Victorville",167.9
"Cedar Park",167.9
"Carthage",167.9
"Santa Rosa",167.9
"Natchez",167.9
"Evanston",167.9
"Montecito",167.9
"Woodbridge",167.9
"Northridge",167.9
"INCLINE VILLAGE",167.9
"Smyrna",167.9
"Galveston",167.9
"Montville",167.9
"Caldwell",167.9
"St Augustine",167.9
"Carlsbad",167.9
"Downers Grove",167.9
"Brandon",167.9
"Kenmore",167.9
"SYRACUSE",167.9
"Mint Hill",167.9
"Kildeer",167.9
"Northport",167.9
"Brewster",167.9
"Oregon City",167.9
"Annapolis",167.9
"Medford",167.9
"Westlake Village",167.9
"Key Biscayne",167.9
"CHICAGO",167.9
"Oroville",167.5
"OMAHA",167.32
"Colchester",167.32
"Fairhope",166.86
"Pontiac",166.83
"Hollister",166.68
"Parkton",166.5
"Wellington",166.5
"Waxhaw",165.9
"Ambler",165.19
"WORCESTER",164.66
"Livingston",164.5
"Tarzana",163.95
"Loveland",163.9
"Estes Park",163.9
"Sparta",163.9
"Battle Creek",163.19
"Ooltewah",163
"Newbury Park",163
"Deerfield",162.4
"Franklin",162.24
"Watsonville",161.95
"Grosse Pointe Woods",161.1
"Indio",160.65
"Auburn",160.5
"Spirit Lake",160.5
"Ballwin",160.5
"Sparks Glencoe",160.5
"Branchburg",160.5
"Fort Collins",160.5
"Marlborough",160.5
"Stuart",160.5
"Menifee",160.5
"Vista",160.5
"Arlington Heights",160.5
"Temecula",160.5
"Apple Valley",160.5
"Roosevelt",160.5
"McDonough",160.5
"Myrtle Beach",160.5
"ALEXANDRIA",160.5
"Salina",160.5
"Melville",160.5
"Erie",160.5
"Minnetonka",160.5
"Gilroy",160.5
"Gloucester",160.5
"Issaquah",160.5
"Indian Trail",159.92
"Conroe",159.9
"Salem",159.5
"Bethlehem",158.95
"San Angelo",158.95
"West Bend",158.95
"Chapin",158.5
"Holly Springs",158.5
"Pomona",158.5
"Newport Beach",158.5
"Peoria",158.1
"Sherrills Ford",157.95
"Key Largo",157.95
"Rockville",157.95
"Hermosa Beach",157.95
"Blackfoot",157.95
"Great Falls",157.95
"Helotes",157.95
"Snyder",157.95
"Downingtown",157.95
"Wichita",157.95
"Kamas",157.95
"Hayes",157.95
"San Clemente",157.95
"Savannah",157.79
"Palm Springs",157.05
"LAKE ORION",156.88
"Murfreesboro",156.8
"West Palm Beach",155.9
"Cerritos",155.9
"Corrales",155.74
"Clarkston",155.65
"Mineral Bluff",155.6
"Reston",155.55
"la habra",154.7
"RENO",154.7
"SAN CARLOS",154.7
"Berlin",153.74
"Zelienople",153.65
"POWELL",153.1
"North Charleston",153.1
"Henrico",153.1
"LONGMONT",153.1
"Nottingham",153.1
"Franklin Park",153.1
"Safety Harbor",153.1
"Chestnut Hill",152
"Panama City Beach",152
"San Leandro",150.55
"Minden",150.55
"Elkton",150.55
"Franklin Township",148.5
"Weatherford",148
"Goose creek",147.97
"CHARLOTTE",147.84
"Ojai",146.85
"Pearland",146.85
"McCall",145.7
"Montgomery Village",145.7
"Crafton",145.25
"Richland",143.29
"Big Rapids",143.29
"Grosse Pointe Shores",143.29
"SANFORD",143.29
"Mendham",143.15
"Saint Helena",143.15
"Weatogue",143.15
"Woodland",143.15
"Mercerville",143.15
"Campbellsville",143.15
"Cornelius",143.15
"Porter",143.15
"Sound Beach",142.57
"Steilacoom",141.75
"Lake Wales",141.75
"Holtsville",141.75
"Hoover",141.75
"AUSTIN",141.7
"Honomu",140.75
"Coatesville",140.23
"Bethany beach",139.15
"PORTLAND",139.15
"Powder Springs",139.15
"Quezon City",138.01
"الرياض",137.83
"Castlemaine",137.38
"Roselle",135.75
"Apopka",135.75
"Conyers",135.75
"KANSAS CITY",135.75
"Clinton",135.75
"Newport",135.75
"Freehold",135.75
"Fairfax Station",135.75
"Williamstown",135.75
"Martinsburg",135.75
"Mountain Home",135.75
"Edgewater",135.75
"Newberg",135.75
"Bloomfield",135.75
"Marion",135.75
"Del Mar",135.75
"Holland",135.75
"Lehigh Acres",135.75
"Pylesville",135.75
"TucsoN",135.75
"Crestwood",135.75
"Lake Placid",135.75
"Northfield",135.75
"North Easton",135.75
"branchburg",135.75
"BROOKLYN PARK",135.75
"Topsail Beach",135.75
"Burgaw",135.75
"Fruit Heights",135.75
"Hyattsville",135.75
"Napa",135.75
"Fremont",135.75
"Seven Hills",135.75
"Barrigada",135.75
"Long Island City",135.75
"Canal Winchester",135.75
"Buckeye",135.75
"WILMINGTON",135.75
"Scranton",135.75
"berwyn",135.75
"SLOATSBURG",135.75
"Bristow",135.75
"Arcata",135.75
"Meridian",135.75
"Pekin",135.75
"Russellville",135.75
"Supply",135.75
"Tomball",135.75
"Merritt Island",135.75
"Wimberley",135.75
"Bernardsville",135.75
"Lake Mary",135.75
"Eagle Pass",135.75
"La Crescenta-Montrose",135.75
"Johnstown",135.75
"Mobile",135.75
"Dover",135.75
"SAN ANTONIO",135.75
"Homer Glen",135.75
"Lakeville",135.75
"MARIETTA",135.75
"Arnold",135.75
"Port St. Lucie",135.75
"Nicholasville",135.75
"Nevada",135.75
"WALDORF",135.75
"PIEDMONT",135.75
"Wickenburg",135.75
"Stafford",135.75
"LAKE WORTH",135.75
"North Reading",135.75
"Garland",135.75
"Mahopac",135.75
"seattle",135.75
"Lauderdale-by-the-Sea",135.75
"San Rafael",135.75
"VIRGINIA BEACH",135.75
"Bonney Lake",135.75
"Phippsburg",135.75
"El Sobrante",135.75
"NORWALK",135.75
"Yorktown",135.75
"Bedford",135.75
"Whitestone",135.75
"Dublin",134.25
"MazatlÁn",134.23
"Kihei",134.04
"Rochester Hills",133.34
"HUNTINGTON WOODS",133.34
"Kentwood",133.34
"Varaždin",133.25
"evans mills",133.2
"Christchurch",129.22
"Vienna",129
"Bountiful",129
"Elma Center",129
"Port Angeles",128.35
"barcelona",128.3
"Chesterbrook",128.24
"Villava",127.7
"Commerce Charter Township",127.61
"Włocławek",126.68
"Headford",126.26
"Collingwood",126.24
"quitman",125.82
"Belle Mead",125.8
"Terrell",125.8
"Scotts Valley",125.8
"Township of Taylorsville",125.8
"Lookout Mountain",125.8
"la palma",125.8
"Palm Beach",125.8
"FAIRFAX",125.8
"University Park",125.8
"Glenburn",125.8
"Grosse pointe farms",125.5
"NORTHVILLE",125.5
"Huntington Woods",125.5
"South Perth",124.7
"Maylands",124.65
"Tarifa",124.23
"Riyadh City",124.21
"Ciudad De Mexico",124.15
"Tres Cantos",124.12
"Wien",122.66
"Etiolles",122.26
"Ghedi",121.93
"Jumeirah 2",121.82
"Manfredonia",121.44
"zottegem",120.9
"Warminster",120.89
"Pregnana Milanese",120.87
"Porto salvo",120.61
"Innsbruck",120.51
"Ciudad de México",120.48
"La Paz",120.47
"Ondara",120.17
"Palm Beach Gardens",119.65
"Petach Tikva",118.92
"Mandelieu-la-Napoule",118.67
"Chadstone",118.64
"Torino",118.51
"Neusäss",118.45
"Hutto",118.4
"Los Alamitos",118.4
"Mapleton",118.4
"SAN CLEMENTE",118.4
"Inglewood",118.4
"Candler",118.4
"Maple Ridge",118.4
"St. Peters",118.4
"WAXHAW",118.4
"Fallbrook",118.4
"Sudbury",118.4
"Maywood",118.4
"North Palm Beach",118.4
"LAUDERDALE LAKES",118.4
"Cazadero",118.4
"Navalcarnero",118.31
"Puteaux",117.26
"Tanunda",116.25
"ALBUQUERQUE",116.1
"Salisbury Park",115.98
"Bondi Beach",114.61
"Colinas Do Tocantins",114.38
"Kapellen",114.03
"Salgareda",113.84
"Fracc. Campo De Golf Santa Anita Condominio",112.93
"Caltanissetta",112.87
"Huntington Beach",112.85
"Windsor",112.65
"Puebla",111.82
"Elsternwick",111.56
"Tiverton",111.49
"Godfrey",111.45
"Belvidere",111
"Forest Hills",111
"South Ogden",111
"Greenwood",111
"DORAL",111
"EDEN PRAIRIE",111
"Vacallo",110.96
"Vitry-sur-seine",109.97
"Cumberland Foreside",109.85
"West Allis",109.8
"Kanata",109.71
"Erlangen",109.65
"Bacolod City",108.62
"Mandaluyong City",108.31
"North Tonawanda",108
"Rüschlikon",107.7
"Mississippi Mills",107.6
"Kenner",106.91
"Harahan",106.91
"Rostock",106.79
"Hong Kong",106.62
"Greensborough",106.43
"Oshawa",106.04
"Manama",104.13
"South Yarra",103.71
"Jackson",103.29
"Sherbrooke",101.86
"Port Byron",101.85
"Allen",101.85
"Queen Creek",101.85
"Blue Springs",101.85
"Bridgeville",101.85
"Belgrade",101.85
"Flagstaff",101.85
"Bovensmilde",101.79
"FORT THOMAS",101.75
"Edwards",101.5
"Palmetto",99.54
"Monroeville",99.51
"Gold Canyon",99.37
"Rye Brook",98.95
"Hanmer",98.64
"Prince George",98.64
"Bundang",98.62
"South San Francisco",98.26
"Lake Zurich",98.21
"Woodland Hills",96.61
"Sterling",96.13
"rowland heights",96.05
"Dongdaemun-gu",95.82
"Holmdel",94.45
"PAOLA",93.9
"Saint Johns",93.9
"Glen Rock",93.9
"DES ARC",92.78
"Novi",92.63
"Ludington",91.58
"Fullerton ",90.63
"Tuscola",90.33
"강남구",90.33
"King City",90
"PLAINVIEW",89.95
"BOULDER",89.95
"Hinsdale",88.95
"TOA BAJA",88.95
"Wailuku",88.95
"Yarmouth",88.57
"Horseshoe Bay",88.41
"Birmingham",88.39
"Ferndale",88.39
"Waterford",88.39
"Arcada Twsp.",88.39
"Suttons bay",88.39
"Pleasant Ridge",88.39
"Pinckney",88.39
"Byron Center",88.39
"Clawson",88.39
"Grand Rapids",88.39
"South lyon",88.39
"West Bloomfield Township",88.39
"Farmington Hills",88.39
"Lincoln park",88.39
"Nolensville",87.95
"BRIDGEWATER",87.95
"Sinton",87.95
"La Verne",87.95
"Tinley Park",87.95
"Fairfield Township",87.95
"Isle of Palms",87.81
"Los angeles",87.8
"PASO ROBLES",87.56
"Surprise ",86.95
"Ada",86.87
"Placentia",86.5
"NEW HUDSON",85.85
"ROCHESTER HILLS",85.6
"Ludlow",85.39
"Aledo",84.97
"Rancho Cucamonga",84.5
"Palisades Park",83.95
"Brea",83.95
"Burbank",83.95
"Acton",83.95
"Yucaipa",83.95
"Alsea",83.95
"Norcross",83.95
"Iowa City",83.95
"PANAMA CITY BEACH",83.95
"Bridgton",83.95
"Kirtland",83.95
"Ipswich",83.95
"Rancho Mirage",83.95
"Denvet",83.95
"Hayden",83.95
"Plano",83.95
"Brookline",83.95
"La Grange",83.95
"Langley",83.95
"Firestone",83.95
"Kissimmee",83.95
"Loxahatchee",83.95
"Parkville",83.95
"Bedminster",83.95
"LaVale",83.95
"Rockwall",83.95
"Northbrook",83.95
"Castle Pines",83.95
"New Market",83.95
"Harmony",83.95
"Port Charlotte",83.95
"Mechanicsburg",83.95
"Bellingham",83.95
"Schertz",83.95
"SPANAWAY",83.95
"Statesville",83.95
"Roanoke",83.95
"Sandy",83.95
"North Little Rock",83.95
"Chapel Hill",83.95
"Great Neck",83.95
"Willow Springs",83.95
"Roslyn Estates",83.95
"Delaware Water Gap",83.95
"West Chester",83.95
"Centerport",83.95
"westmoreland city",83.95
"Smithfield",83.95
"Green Valley",83.95
"Woolwich Township",83.95
"Wilton",83.95
"Kelseyville",83.95
"fort worth",83.95
"Rio Grande City",83.95
"Manteo",83.95
"CAMBRIDGE",83.95
"Wildomar",83.95
"North Chesterfield",83.95
"woodbridge",83.95
"Broadlands",83.95
"OCEAN SPRINGS",83.95
"Waltham",83.95
"Newcastle",83.95
"View Park-Windsor Hills",83.95
"Bastrop",83.95
"Bolingbrook",83.95
"Cataula",83.95
"Iowa Park",83.95
"ERIE",83.95
"Mandeville",83.95
"Broomfield",83.95
"Garvin",83.95
"North Richland Hills",83.95
"Beverly Hill",83.95
"Halesite",83.95
"Barnhart",83.95
"Hinesville",83.95
"North Las Vegas",83.95
"Randolph",83.95
"Norton",83.95
"Amissville",83.95
"Wilkes Barre",83.95
"Rockford",83.95
"Springfield gardens",83.95
"Nazareth",83.95
"Leland",83.95
"turlock",83.95
"Rocky Point",83.95
"Fallon",83.95
"Ankeny",83.95
"Katy",83.95
"Ramona",83.95
"Seekonk",83.95
"Evansville",83.95
"Clifton",83.95
"Kennewick",83.95
"Niles",83.95
"Meredith",83.95
"SALT LAKE CITY",83.95
"Cottleville",83.95
"MARBLEHEAD MA",83.95
"Lockhart",83.95
"Ulen",83.95
"Altadena",83.95
"Hudson",83.95
"Farmers Branch",83.95
"Turpin",83.95
"ALAMO",83.95
"Evergreen",83.95
"Winston-Salem",83.95
"Yorktown Heights",83.95
"Coto de caza",83.95
"Deer River",83.95
"Mineola",83.95
"Martinsville",83.95
"San Pedro",83.95
"COLONIAL HEIGHTS",83.95
"Manhattan",83.95
"PRESCOTT",83.95
"INDIAN TRAIL",83.95
"ST AUGUSTINE",83.95
"Buffalo",83.95
"Portsmouth",83.95
"Titusville",83.95
"Euless",83.95
"Huntersville",83.95
"Visalia",83.95
"Connellsville",83.95
"Saint Petersburg",83.95
"Morgantown",83.95
"San Ysidro",83.95
"Westlake",83.95
"takoma park",83.95
"Menlo Park",83.95
"Sioux Rapids",83.95
"Apex,",83.95
"El Paso",83.95
"SCOTTSDALE",83.95
"lakewood",83.95
"Palm Harbor",83.95
"Oak Creek",83.95
"Villa Park",83.95
"McAllen",83.95
"Dedham",83.95
"Gastonia",83.95
"Tuxedo Park",83.95
"Arden Hills",83.95
"EAST PATCHOGUE",83.95
"Coventry",83.95
"Keedysville",83.95
"CASTLE ROCK",83.95
"Mt Pleasant",83.95
"Corvallis",83.95
"White Bear Lake",83.95
"Portville",83.95
"St. Augustine",83.95
"El Segundo",83.95
"Larkspur",83.95
"Royal Oaks",83.95
"Goldsby",83.95
"Hillside",83.95
"NAMPA",83.95
"Mount Laurel",83.95
"River ridge",83.95
"Mountain View",83.95
"Webbers Falls",83.95
"Topeka",83.95
"Weatherby Lake",83.95
"Wayzata",83.95
"Whitehouse",83.95
"Dixon",83.95
"CHEYENNE",83.95
"MELVILLE",83.95
"South Pasadena",83.95
"Green Bay",83.95
"Edinburg",83.95
"Benton",83.95
"Vestal",83.95
"Concord Township",83.95
"Hampton",83.95
"Woodside",83.95
"New Castle",83.95
"Belle Plaine",83.95
"Pikesville",83.95
"Garden Ridge",83.95
"Laguna Woods",83.95
"Redondo Beach",83.95
"Kalispell",83.95
"Ellisville",83.95
"Franklin Lakes",83.95
"Casco",83.95
"Decatur",83.95
"Lady Lake",83.95
"Santa monica",83.95
"HOBBS",83.95
"Bellaire",83.95
"Wayne",83.95
"Fleming Isle",83.95
"Stevens Point",83.95
"Warrenton",83.95
"Lubbock",83.95
"St John",83.95
"Yelm",83.95
"Winter Park",83.95
"East Meadow",83.95
"Sherwood",83.95
"Woodlawn",83.95
"Tafton",83.95
"Ridgewood",83.95
"Youngstown",83.95
"Carlisle",83.95
"HILLSBORO",83.95
"Half Moon Bay",83.95
"Beaverton",83.95
"Honey Brook",83.95
"Elmhurst",83.95
"Oakley",83.95
"Mission Hills",83.95
"whittier",83.95
"West Lafayette",83.95
"Hilliard",83.95
"Capitola",83.95
"Santa Monica",83.95
"Bowdoinham",83.95
"Carteret",83.95
"Port St Lucie",83.95
"Vernon",83.95
"BENICIA",83.95
"Clarksboro",83.95
"San Simeon",83.95
"East Hampton",83.95
"EAST Palo Alto",83.95
"Port Orange",83.95
"Three Forks",83.95
"Nampa",83.95
"Manteca",83.95
"Circleville",83.95
"Paradise Valley",83.95
"Hendersonville",83.95
"Owings Mills",83.95
"Centerville",83.95
"Berwyn",83.95
"Granbury",83.95
"Tappan",83.95
"Worcester",83.95
"Winsted",83.95
"Windermere",83.95
"Lake City",83.95
"Berkeley",83.95
"Babylon",83.95
"Kansas City,MO",83.95
"Denham Springs",83.95
"Covington",83.95
"Seminole",83.95
"CYPRESS",83.95
"MORENO VALLEY",83.95
"Sanborn",83.95
"ALPHARETTA",83.95
"Duncanville",83.95
"HYATTSVILLE",83.95
"Freeport",83.95
"Glenpool",83.95
"Summit",83.95
"SUPERIOR",83.95
"Laurel",83.95
"North Miami",83.95
"Tooele",83.95
"Ballston Lake",83.95
"Garden City",83.95
"Castro Valley",83.95
"Horn Lake",83.95
"Bodfish",83.95
"South Jordan",83.95
"Rocky Face",83.95
"Gilgo Beach",83.95
"ASHBURN",83.95
"Guilderland",83.95
"Joplin",83.95
"Grafton",83.95
"Surprise",83.95
"Damascus",83.95
"Manasquan",83.95
"Temple Terrace",83.95
"San Jose",83.95
"San Bruno",83.95
"Crown Point",83.95
"Belleville",83.95
"JOHNSTON",83.95
"eugene",83.95
"Nacogdoches",83.95
"Hackensack",83.95
"Astoria",83.95
"Willoughby Hills",83.95
"Ladson",83.95
"Jeannette",83.95
"Topanga",83.95
"DeBary",83.95
"Souderton",83.95
"Cullman",83.95
"Tacoma",83.95
"Grand Forks",83.95
"Stratham",83.95
"Draper",83.95
"Irmo",83.95
"Willow Spring",83.95
"Inlet Beach",83.95
"Clovis",83.95
"Rancho Cordova",83.95
"Bethel Park",83.95
"Riverhead",83.95
"LINDON",83.95
"East Brady",83.95
"Gibsonville",83.95
"Inverness",83.95
"Satsuma",83.95
"College Station",83.95
"East Berlin",83.95
"Chatham Township",83.95
"Clarksburg",83.95
"Lansdale",83.95
"Highland Park",83.95
"Rockaway Beach",83.95
"Harrison",83.95
"Torrington",83.95
"Hazlet",83.95
"Windsor Mill",83.95
"brentwood",83.95
"Galloway",83.95
"KELLYVILLE",83.95
"La Center",83.95
"Orangevale",83.95
"North Salem",83.95
"New Haven",83.95
"Belmar",83.95
"La center",83.95
"Fort Myers",83.95
"Healdsburg",83.95
"Cottonwood",83.95
"Highlands",83.95
"Brunswick",83.95
"Lyndhurst",83.95
"WATERFORD",83.95
"Dacono",83.95
"Saratoga Springs",83.95
"Waxahachie",83.95
"Highwood",83.95
"Manvel",83.95
"GALENA",83.95
"Shelton",83.95
"Basehor",83.95
"Bluffton",83.95
"Descanso",83.95
"Bismarck",83.95
"Moyock",83.95
"East Troy",83.95
"Johns Island",83.95
"Tequesta",83.95
"New Cumberland",83.95
"Great Barrington",83.95
"springfield",83.95
"Cathlamet",83.95
"HERNDON",83.95
"Attica",83.95
"CENTRAL POINT",83.95
"Oro Valley",83.95
"Phillipsburg",83.95
"Perrysburg",83.95
"Aldan",83.95
"Cave Creek",83.95
"Fair Oaks",83.95
"Springdale",83.95
"Monterey Park",83.95
"Toms River",83.95
"PALMETTO BAY",83.95
"Vallejo",83.95
"ft lauderdale",83.95
"Antioch",83.95
"MAPLE GROVE",83.95
"Tysons",83.95
"Mokena",83.95
"Cohasset",83.95
"Daytona Beach",83.58
"South Bend",83.38
"Alpharetta ",83.37
"Mount Vernon",83.37
"Allenwood",82.95
"Pocasset",82.95
"Emeryville",82.95
"Rancho Santa Margarita",82.95
"Vernon Rockville",82.95
"Free Union",82.95
"Borger",82.86
"LA CROSSE",82.72
"SNOHOMISH",82.56
"Pittsburg",82.56
"RIDGEFIELD",82.56
"Elk Grove",82.39
"Spanish Fork",82.19
"Payson",82.19
"Dayton",82.17
"East Windsor",81.95
"Rowland Heights",81.95
"Mill Creek",81.95
"Polo",81.95
"Sammamish",81.95
"Fairhaven",81.95
"Lake Oswego",81.95
"Levittown",81.95
"lutz",81.95
"SPRING",81.95
"houston",81.95
"Spartanburg",81.92
"Arecibo",81.55
"Hebron",81.24
"Mountville",81.24
"PLYMOUTH MEETING",81.24
"Hockessin",81.24
"Chevy Chase",81.24
"Ellicott City",81.19
"East Amherst",81.19
"Silver spring",81.19
"Liberty Township",81.19
"Hinckley",81.19
"Livonia",80.55
"Ishpeming",80.55
"Northville",80.55
"Grand Raids",80.55
"Coldwater",80.55
"Isle Of Palms",80.41
"Southern Pines",80.15
"Fort Worth ",79.95
"North Venice",79.95
"Robertsdale",79.95
"DRAPER",79.95
"WEST GREENWICH",79.95
"ONALASKA",79.95
"Sioux Falls",79.95
"West New York",79.95
"Germantown",79.95
"Water Mill",79.95
"Newnan",79.95
"Idyllwild",79.95
"Cortland",79.95
"Niwot",79.1
"Moon Township",78.81
"Kenai",78.59
"Farmington",78.44
"Troy",78.44
"Kapolei",77.55
"MIDDLE RIVER",77.55
"Kalamazoo",76.91
"Highland VIllage",76.55
"Papillion",76.55
"Wheeling",76.55
"Eagle",76.55
"Boulder City",76.55
"Homestead",76.55
"WHITTIER",76.55
"Ammon",76.55
"Palmetto Bay",76.55
"Breckenridge",76.55
"Medina",76.55
"Xenia",76.55
"WEST JORDAN",76.55
"Blaine",76.55
"Coralville",76.55
"Marco Island",76.55
"Bayside Hills",76.55
"McDonald",76.55
"Bronxville",76.55
"BERTHOUD",76.55
"AKRON",76.55
"Tarpon Springs",76.55
"EUGENE",76.55
"Beaufort",76.55
"Miromar Lakes",76.55
"Akron",76.55
"Monmouth County",76.55
"Alcolu",76.55
"Brownsville",76.55
"Voorhees",76.55
"Hydes",76.55
"collegeville",76.55
"Orange",76.55
"CHAMPLIN",76.55
"Ashland",76.55
"Indianola",76.55
"Rancho Palos Verdes",76.55
"Leander",76.55
"Corinth",76.55
"Lindon",76.55
"Nokomis",76.55
"Grover Beach",76.55
"Seven Lakes",76.55
"GRAYSLAKE",76.55
"aventura",76.55
"Bellevue",76.55
"LINCOLN",76.55
"Scotland Neck",76.55
"New Port Richey",76.55
"LONG ISLAND CITY",76.55
"Moorestown",76.55
"Bryan",76.55
"ENGLEWOOD",76.55
"Allentown",76.55
"Mt. Hood Parkdale",76.55
"Vergennes",76.55
"REDONDO BEACH",76.55
"MONACA",76.55
"Irwin",76.55
"Pine Island",76.55
"Cumming",76.55
"Falmouth",76.55
"Ripon",76.55
"Upper St Clair",76.55
"Casselberry",76.55
"Lillington",76.55
"La Grange Park",76.55
"OAK HARBOR",76.55
"PORT CHARLOTTE",76.55
"Santa Clara",76.55
"San Carlos",76.55
"Rileyville",76.55
"Marana",76.55
"Exeter",76.55
"Beverly",76.55
"Darien",76.55
"Venetia",76.55
"Jamestown",76.55
"Washington Boro",76.55
"West Islip",76.55
"Uniontown",76.55
"Laytonsville",76.55
"Mullica Hill",76.55
"Maryville",76.55
"Fillmore",76.55
"Sharon",76.55
"Fort Wayne",76.55
"Mason",76.55
"FULTON",76.55
"CASSELBERRY",76.55
"WEST CHICAGO",76.55
"Monterey",76.55
"Calabasas",76.55
"Sierra Vista",76.55
"South Houston",76.55
"massapequa park",76.55
"Tuttle",76.55
"glenview",76.55
"Downey",76.55
"Rowlett",76.55
"Cable",76.55
"Maple Valley",76.55
"Aberdeen",76.55
"Bellmore",76.55
"Temple",76.55
"Anthony",76.55
"Monument",76.55
"Idaho Falls",76.55
"Culver City",76.55
"Kennesaw",76.55
"Oldsmar",76.55
"Rogers",76.55
"Massapequa",76.55
"Sunnyvale",76.55
"Chickasha",76.55
"albany",76.55
"Valley City",76.55
"ORLANDO",76.55
"Nutley",76.55
"Manalapan",76.55
"Hiawatha",76.55
"Simsbury",76.55
"Wyoming",76.55
"Wexford",76.55
"Groton",76.55
"Brigantine",76.55
"Tega Cay",76.55
"New Providence",76.55
"Thomasville",75.56
"Yardley",75.55
"WATSONVILLE",75.55
"Placitas",75.55
"Paia",75.19
"Dumfries",75.13
"Star",74.8
"HILTON HEAD ISLAND",74.55
"UPTON",74.55
"Manassas",74.55
"Bayfield",74.34
"Sunnyside",74
"Linesville",74
"Cherry Hill",74
"Redwood City",74
"Goshen",74
"austin",74
"New Windsor",74
"WESTERLY",74
"Deale",74
"Alamo",74
"Peru",74
"Poland",74
"FAIRFIELD",74
"Kearney",74
"Encinitas",74
"Aventura",74
"Verdi",74
"Penuelas",74
"ATLANTIC BCH",74
"Blacklick",74
"DALLAS",74
"OAK BROOK",74
"palmetto",74
"Carmel",74
"FORT MYERS",74
"DEPEW",74
"OJAI",74
"Waller",74
"Amarillo",74
"Lodi",74
"SHENANDOAH",74
"Charleston",74
"Hillsborough Township",74
"Valley Head",74
"LOS ANGELES",74
"Palm Desert",74
"Duvall",74
"Bel Air",74
"CROSS PLAINS",74
"WOODLAND HILLS",74
"Morganton",74
"Hartselle",73.84
"RICHMOND",73.84
"Fulshear",72.85
"Midlothian",72.55
"Fort Meade",71.95
"AMBLER",71.95
"Silver City",71.95
"Noblesville",71.95
"New London",71.95
"Apo",70.85
"Wake Forest",70.53
"Spicewood",69.15
"Valley Village",69.15
"Brookeville",69.15
"SANTA FE",68.88
"KEENE VALLEY",67.15
"Saint Anthony",66.6
"fullerton",66.6
"MOODUS",66.6
"BLACKLICK",66.6
"Headland",66.6
"Saratoga",66.6
"EMERSON",66.6
"Glenn Heights",66.6
"PACIFIC GROVE",66.6
"ORANGE PARK",65.75
"NEWPORT NEWS",65.45
"Monrovia",65.45
"Bloomington",65.45
"oakbrook",65.15
"Emerald Hills",61.75
"Winooski",59.2
"DENVER",59.2
"Jersey City",59.2
"Hardeeville ",59.2
"Fleming island",59.2
"Enfield",35.8
"Englewood Cliffs",17.9
"Daly City",17.9
"Mechanicsville",17.9
"Wheat Ridge",17.9
"Dunwoody",17.9
"Kalkaska",17.9
"Justin",17.9
"Village of Pelham",17.9
"Mulberry",17.9
"Sea Cliff",17.9
"hilton head island",17.9
"Deatsville",17.9
"Kew Gardens",17.9
"Heath",17.9
"Kila",15.95
"Streamwood",10.94
"LIDO BEACH",9.95
"Massillon",9.95
"Jersey city",9.95
"NAPERVILLE",9.95
"Kirkwood",9.95
"Brighton",9.95
"Charles Town",9.95
"West Grove",9.95
"Joshua",9.95
"Chico",9.95
"Lake Worth",9.95
"EXTON",9.95
"Jensen Beach",9.95
"Bay Shore",9.95
"Glendora",9.95
"West suffield",9.95
"Alma",9.95
"Leon",9.95
"Davis",9.95
"Indian Wells",9.95
"oviedo",9.95
"Litchfield Park",9.95
"Summerville",9.95
"Beacon",9.95
"charlotte",9.95
"Morgan Hill",9.95
"New Braunfels",9.95
"Los Alamos",8.95
"Bel Aire",8.71
"Juneau",8.24
"Roca",7.95
"Cross River",5.95
"West Jordan",0
"Gyeonggi-do",0
"Almont",0
"Bronx",0
"Fontana",0
"Roslyn",0
"Fletcher",0
"ROLLING HILLS ESTATES",0
"Carefree",0
"Moore",0
"North Ridgeville",0
"Kassel",0
"Pawtucket",0
"Hawalli",0
"Traverse City",0
"Peachtree City",0
"Butler",0
"Elyria",0
"Gaithersburg",0
"ferndale",0
"Niagara Falls",0
"Hergiswil Nw",0
"Machesney Park",0
"Doha",0
"Bloomfld Hls",0
"Dorr",0
"detroit",0
"PARKER",0
"Estelline",0
"new york",0
"Bari",0
"League City",0
"Otsego",0
"Miami Shores",0
"Bad Saulgau",0
"Nakano",0
"Bloomfield Township",0
